ID,Name,Email
1,Student1,student1@example.com
2,Student2,student2@example.com
3,Student3,student3@example.com
4,Student4,student4@example.com
5,Student5,student5@example.com
6,Student6,student6@example.com
7,Student7,student7@example.com
8,Student8,student8@example.com
9,Student9,student9@example.com
10,Student10,student10@example.com
11,Student11,student11@example.com
12,Student12,student12@example.com
13,Student13,student13@example.com
14,Student14,student14@example.com
15,Student15,student15@example.com
16,Student16,student16@example.com
17,Student17,student17@example.com
18,Student18,student18@example.com
19,Student19,student19@example.com
20,Student20,student20@example.com
21,Student21,student21@example.com
22,Student22,student22@example.com
23,Student23,student23@example.com
24,Student24,student24@example.com
25,Student25,student25@example.com
